{
  "start_time": 1758329421.7029016,
  "episode_times": [
    3.5491570177580885,
    1.0277856010783486,
    2.1523680461517367,
    2.2753559976741817,
    6.547611312689114,
    5.155269079932941,
    0.039231056219883875,
    3.4812628112678263,
    3.617025875041346,
    6.894970865304841
  ],
  "batch_times": [
    0.3353248275510454,
    1.6546509843900932,
    0.2710992016191778,
    1.6213205709953677,
    1.4938237761738768,
    0.7878995258601815,
    0.09207224913107348,
    1.0577589903139148,
    0.22161800520927932,
    1.586005968129357,
    0.25627092449922784,
    0.494686201930421,
    1.9144366055726998,
    1.6453046113881515,
    0.08136283821933943,
    1.9686955188548048,
    0.9903743110690253,
    0.4282018534733327,
    1.0251049424135223,
    1.3414127568791607,
    1.2244295470707043,
    1.0858930340530994,
    1.806599898830201,
    1.5976600260483829,
    0.12599037238348165,
    1.4462645829700058,
    1.9274362541952648,
    0.8159083525781494,
    1.9285858793010155,
    1.1608212162065283,
    0.13412537456122586,
    0.8667100677661479,
    1.6234189219895603,
    0.18317775573755246,
    0.13618058099259667,
    0.3481333984895374,
    0.5354849671832222,
    0.7074130838376973,
    1.992804182005912,
    1.5866949004114244,
    1.5029533596736004,
    1.0551225733109695,
    1.6290754539475876,
    0.6286688602170136,
    1.9801888401363499,
    0.5070898290652368,
    1.6565928977872195,
    1.1598293994770084,
    0.48941792868945666,
    0.7785458686723894
  ],
  "evaluation_times": [
    17.13484485382956,
    12.053816969156125,
    12.412115643711099,
    12.379729420094804
  ]
}