{
  "start_time": 1758329413.4826367,
  "episode_times": [
    5.359507063210875,
    3.7453618129196196,
    8.351493987711136,
    8.397374308225364,
    0.6819677148059811,
    8.378697283765803,
    9.772204285274169,
    2.2287158583801805,
    7.601684641576969,
    1.9204556560725872,
    0.07991080592322453,
    2.649286359562847,
    7.941113460308591,
    2.7602184625084147,
    2.1161894063952893,
    1.9473853221157567,
    1.6899124280145272,
    0.06996069338855215,
    0.5687473448993585,
    2.7330308329417274
  ],
  "batch_times": [
    4.731127560955983,
    1.3784354732077038,
    2.859580015254889,
    3.8311309585664377,
    1.1092671764065982,
    0.38749715822288977,
    3.0574443200067725,
    0.18998348853032143,
    2.718707586648641,
    0.06785351352211255
  ],
  "evaluation_times": [
    11.872835094774336,
    17.616238272261853,
    18.029616039353247,
    26.10227559606911
  ]
}