{"total_time": 3600, "episode_times": [2.5868215479183077, 4.508606028506003, 5.020641576142346, 5.6538153991883195, 3.4370605098126914, 4.242221522881869, 8.84875515980357, 9.042649898222848, 1.0561504316854553, 0.9614060665901814, 3.522559936406431, 4.794096909391782, 6.3935753711314085, 3.8420292406319367, 0.8395209283111793, 6.351831359454417, 1.8141194621076384, 0.2994549874551844, 6.06429169031828, 5.99786085543724], "batch_times": [0.6955878067397414, 3.5499424873414336, 2.1975790581572148, 0.25294657915567453, 4.84740043314576, 4.601689534164376, 3.4859079325379465, 3.5962418841597414, 2.8754020556813, 2.4545339734685117, 2.3517510672659436, 0.3464317459710925, 1.8714774610260458, 2.2831794570707133, 1.0288039582786779, 4.1882321681763655, 0.8378507807387775, 0.06279300567186452, 2.59931354865345, 0.19424677608695207], "avg_episode_time": 5.0, "avg_batch_time": 2.5, "episodes_per_hour": 12.0}